time,throttle,steering,clutch,parkingbrake,brake,
0.005500000435859,0,0,0,0,0,
1.0095000180881,0,0,0,0,0,
2.0155000383966,1,-1,0,0,0,
3.0185000572819,1,-1,0,0,0,
4.0220000729896,1,-1,0,0,0,
5.0255000991747,1,0,0,0,0,
6.0295001207851,1,-1,0,0,0,
7.0360001511872,1,0,0,0,0,
8.0400001816452,1,-1,0,0,0,
9.0445002107881,0,1,0,0,1,
10.049500238616,0,0,0,0,0,
11.054500271101,0,0,0,0,0,