time,Rear Driveshaft is broken,
0.005500000435859,false,
1.0095000180881,false,
2.0155000383966,false,
3.0185000572819,false,
4.0220000729896,false,
5.0255000991747,false,
6.0295001207851,false,
7.0360001511872,false,
8.0400001816452,false,
9.0445002107881,false,
10.049500238616,false,
11.054500271101,false,